iter,reward,lr
1,4,0.029849999999999998
2,2,0.029700749999999998
3,4,0.029552246249999997
4,5,0.029404485018749996
5,4,0.029257462593656247
6,4,0.029111175280687965
7,4,0.028965619404284524
8,2,0.028820791307263102
9,0,0.028676687350726787
