iter,reward,lr
1,2,0.029849999999999998
2,4,0.029700749999999998
3,3,0.029552246249999997
